"special_issue","num_papers","flags","prop_flag","deadline","latest_sub","rt_sum_vector2","aca_flag","d_over_deadline","ed","fecha_deadline"
"https://www.mdpi.com/journal/ijerph/special_issues/Forest_Fire_Smoke",8,5,0.625,2021-03-31,2021-09-06,"2,5","No info",-159,"Martine Dennekamp, Fay Johnston","31 March 2021"
"https://www.mdpi.com/journal/ijerph/special_issues/T_NP",11,3,0.273,2021-03-31,2021-04-30,"2,0,2","No info",-30,"Olivia A. Wackowski, Jennifer Pearson, Michelle Jeong","31 March 2021"
"https://www.mdpi.com/journal/ijerph/special_issues/ENT_diseases",13,4,0.308,2021-03-31,2021-04-06,"3,2,3,3","No info",-6,"Francesco Galletti, Francesco Gazia, Francesco Freni, Cosimo Galletti","31 March 2021"
"https://www.mdpi.com/journal/ijerph/special_issues/Diversity_Equity_Inclusion",9,4,0.444,2021-03-31,2021-04-19,"2,1,2","No info",-19,"Dr. Audrey J. Murrell, Gloria Onosu, Dr. Stacy-Blake Beard","31 March 2021"
"https://www.mdpi.com/journal/ijerph/special_issues/biology_human_psychology_behavior",8,3,0.375,2021-03-31,2021-03-31,"2,1,2,0","No info",0,"Piotr Sorokowski, Dr. Sławomir Kozieł, Agnieszka Żelaźniewicz, Michal Misiak","31 March 2021"
"https://www.mdpi.com/journal/ijerph/special_issues/TMPHS",6,1,0.167,2021-03-31,2021-05-07,"1","No info",-37,"Oliver Grundmann","31 March 2021"
"https://www.mdpi.com/journal/ijerph/special_issues/Emerging_Pollutants",11,2,0.182,2021-03-31,2021-03-25,"2","No info",6,"Dr. Gerardo Leon","31 March 2021"
"https://www.mdpi.com/journal/ijerph/special_issues/technique_health",7,1,0.143,2021-03-31,2021-04-12,"0,1","No info",-12,"Gwanggil Jeon, Abdellah Chehri","31 March 2021"
"https://www.mdpi.com/journal/ijerph/special_issues/energy_environmental",8,0,0,2021-03-31,2021-03-14,"0,0","No info",17,"Dr. Dalia Streimikiene, Dr. Tomas Baležentis","31 March 2021"
"https://www.mdpi.com/journal/ijerph/special_issues/Eating_Disorders_Associated_Disorders_Adolescents",5,3,0.6,2021-03-31,2022-01-07,"1,1,2","No info",-282,"Dr. Karin Waldherr, Dr. C. Barr Taylor, Dr. Andreas Karwautz","31 March 2021"
"https://www.mdpi.com/journal/ijerph/special_issues/starter_food",6,1,0.167,2021-03-31,2021-04-16,"1,0,1,0","No info",-16,"Miguel Elias, Maria Joao Fraqueza, Marta Laranjo, Luis Patarata","31 March 2021"
"https://www.mdpi.com/journal/ijerph/special_issues/AGWE",5,3,0.6,2021-03-31,2021-04-12,"3","No info",-12,"Dr. Byung Uk Lee","31 March 2021"
"https://www.mdpi.com/journal/ijerph/special_issues/EPMDHE",5,2,0.4,2021-03-31,2021-04-14,"2,1,0,2","No info",-14,"Gerardo Bosco, Matteo Paganini, Danilo Cialoni, Dr. Enrico M. Camporesi","31 March 2021"
"https://www.mdpi.com/journal/ijerph/special_issues/environmental_recycling",6,2,0.333,2021-03-31,2021-06-03,"0,2","No info",-64,"Dr. Dongwoo Kang, Sangwon Park","31 March 2021"
"https://www.mdpi.com/journal/ijerph/special_issues/CCP",6,0,0,2021-03-31,2021-05-21,"0,0","No info",-51,"Dr. Kazunori Nagasaka, Tetsuji Kurokawa","31 March 2021"
"https://www.mdpi.com/journal/ijerph/special_issues/geospatial_health",6,4,0.667,2021-03-31,2021-03-16,"1,4","No info",15,"Ana Claudia Teodoro, Alberto Freitas","31 March 2021"
"https://www.mdpi.com/journal/ijerph/special_issues/DHI",10,2,0.2,2021-04-01,2021-03-29,"2","No info",3,"Chang Won Lee","1 April 2021"
"https://www.mdpi.com/journal/ijerph/special_issues/Feature_Women",16,2,0.125,2021-04-10,2021-04-22,"2,0","No info",-12,"Dr. Colin W. Binns, Mi Kyung Lee","10 April 2021"
"https://www.mdpi.com/journal/ijerph/special_issues/DIASM",8,0,0,2021-04-10,2020-12-30,"0","No info",101,"Dr. Sharon Lawn","10 April 2021"
"https://www.mdpi.com/journal/ijerph/special_issues/Health_Performance",11,3,0.273,2021-04-15,2021-04-29,"3","No info",-14,"Dr. Panagiota Klentrou","15 April 2021"
"https://www.mdpi.com/journal/ijerph/special_issues/IUGAAPHS",6,2,0.333,2021-04-15,2021-04-15,"2","No info",0,"Jonathan Kingsley","15 April 2021"
"https://www.mdpi.com/journal/ijerph/special_issues/intimate_partner_violence",6,2,0.333,2021-04-15,2021-04-15,"2","No info",0,"Carol Cunradi","15 April 2021"
"https://www.mdpi.com/journal/ijerph/special_issues/Stress_Training_Load_Effects_Recovery_Well-Being_Sports_Performance",25,6,0.24,2021-04-30,2021-04-30,"4,1,2","No info",0,"Filipe Manuel Clemente, Dr. Juan Pedro Fuentes Garcia, Rodrigo Ramirez-Campillo","30 April 2021"
"https://www.mdpi.com/journal/ijerph/special_issues/homelessness_health",14,3,0.214,2021-04-30,2021-07-23,"1,3","No info",-84,"Dr. Louis Hugo Francescutti, Dr. David Sleet","30 April 2021"
"https://www.mdpi.com/journal/ijerph/special_issues/sport_modalities",23,6,0.261,2021-04-30,2021-08-22,"5,0,2","No info",-114,"Diego Munoz Marin, Jose Alberto Frade Martins Parraca, Bernardino Javier Sanchez-Alcaraz Martinez","30 April 2021"
"https://www.mdpi.com/journal/ijerph/special_issues/Physical_Activity_Wellness_Health_Challenges_Benefits_Strategies",20,4,0.2,2021-04-30,2021-05-27,"4,2","No info",-27,"Luciana Zaccagni, Dr. Emanuela Gualdi-Russo","30 April 2021"
"https://www.mdpi.com/journal/ijerph/special_issues/Role_Caregiver_Health_Social_Care_Importance_Caring_Caregiver",18,1,0.056,2021-04-30,2021-06-15,"0,1,0","No info",-46,"Mercedes Guilabert Mora, Dr. Virtudes Perez-Jover, Dr. Irene Carrillo Murcia","30 April 2021"
"https://www.mdpi.com/journal/ijerph/special_issues/sedentary_behaviour_women_health",14,4,0.286,2021-04-30,2021-03-11,"4,4","No info",50,"Dr. Antonio Martinez-Amat, Dr. Fidel Hita-Contreras","30 April 2021"
"https://www.mdpi.com/journal/ijerph/special_issues/ERH_FP",9,0,0,2021-04-30,2021-05-31,"0","No info",-31,"Dr. Jun Yoshinaga","30 April 2021"
"https://www.mdpi.com/journal/ijerph/special_issues/IPVCD",13,1,0.077,2021-04-30,2021-07-15,"1,1,0","No info",-76,"Nieves Moyano, Maria del Mar Sanchez-Fuentes, Maria Reina Granados de Haro","30 April 2021"
"https://www.mdpi.com/journal/ijerph/special_issues/adolescent_depression",7,1,0.143,2021-04-30,2021-04-27,"1","No info",3,"Dr. Fernando L. Vazquez","30 April 2021"
"https://www.mdpi.com/journal/ijerph/special_issues/training_physical_fitness",8,4,0.5,2021-04-30,2021-04-22,"4,1","No info",8,"Amador Garcia Ramos, Jonathon Weakley","30 April 2021"
"https://www.mdpi.com/journal/ijerph/special_issues/physical_education_exercise_rehabilitation",7,2,0.286,2021-04-30,2021-07-26,"2,2","No info",-87,"Jose Luis Felipe Hernandez, Dr. Javier Sanchez-Sanchez","30 April 2021"
"https://www.mdpi.com/journal/ijerph/special_issues/functional_obesity",6,4,0.667,2021-04-30,2021-05-15,"2,1,1,3","No info",-15,"Yunkyoung Lee, Guiguo Zhang, Soonkyu Chung, Inhae Kang","30 April 2021"
"https://www.mdpi.com/journal/ijerph/special_issues/economic_status_neurodevelopment",6,1,0.167,2021-04-30,2021-04-25,"1,1,1","No info",5,"Dr. Maria Nieves Perez Marfil, Manuel Fernandez Alcantara, Dr. Francisco Cruz Quintana","30 April 2021"
"https://www.mdpi.com/journal/ijerph/special_issues/epidemiological_methods",7,3,0.429,2021-04-30,2021-05-10,"3,3","No info",-10,"Sören Möller, Linda Juel Ahrenfeldt","30 April 2021"
"https://www.mdpi.com/journal/ijerph/special_issues/Innovative_Technologies_Applications_Rehabilitation_Medicine",5,1,0.2,2021-04-30,2021-07-23,"1,1,0","No info",-84,"David Putrino, Mar Cortes, Joseph E Herrera","30 April 2021"
"https://www.mdpi.com/journal/ijerph/special_issues/FPAAHIY",16,2,0.125,2021-05-01,2021-01-26,"2,0,0","No info",95,"Cristina Cadenas-Sanchez, Pontus Henriksson, Idoia Labayen","1 May 2021"
"https://www.mdpi.com/journal/ijerph/special_issues/long-term_care_settings",22,3,0.136,2021-05-01,2021-03-17,"1,2,0","No info",45,"Tom Dening, Reena Devi, Dr. Adam Gordon","1 May 2021"
"https://www.mdpi.com/journal/ijerph/special_issues/Healthy_Growth_School_Aged_Children_Adolescents",14,1,0.071,2021-05-01,2021-05-25,"1","No info",-24,"Laura Dallolio","1 May 2021"
"https://www.mdpi.com/journal/ijerph/special_issues/_strength_training",8,3,0.375,2021-05-01,2021-05-01,"3,3","No info",0,"Joaquin Calatayud, Yasmin Ezzatvar","1 May 2021"
"https://www.mdpi.com/journal/ijerph/special_issues/mental_health_young_people",7,3,0.429,2021-05-01,2021-05-01,"2,1","No info",0,"Katherine M. Boydell, Michael Hodgins","1 May 2021"
"https://www.mdpi.com/journal/ijerph/special_issues/Environmental_Exposure_Cancer_Risk_Healthy_Populations",9,2,0.222,2021-05-01,2021-04-30,"2","No info",1,"Dr. Emanuela Taioli","1 May 2021"
"https://www.mdpi.com/journal/ijerph/special_issues/COVID_Health_Inequities",15,0,0,2021-05-03,2021-08-01,"0,0,0","No info",-90,"Dr. Keith C. Norris, Dr. Arleen F. Brown, Dr. Roland J. Thorpe, Jr.","3 May 2021"
"https://www.mdpi.com/journal/ijerph/special_issues/TFOHTPEABD",9,1,0.111,2021-05-05,2021-03-09,"1","No info",57,"Daniela Haluza","5 May 2021"
"https://www.mdpi.com/journal/ijerph/special_issues/COVID-19_policies",23,0,0,2021-05-15,2021-05-15,"0,0","No info",0,"Dr. Michel Kazatchkine, Sana de Courcelles","15 May 2021"
"https://www.mdpi.com/journal/ijerph/special_issues/APCCMHI",13,2,0.154,2021-05-17,2021-05-31,"1,1","No info",-14,"Antonella Zanobetti, Jaime Madrigano","17 May 2021"
"https://www.mdpi.com/journal/ijerph/special_issues/Metal_Exposure_2020",9,1,0.111,2021-05-17,2021-03-09,"1,0","No info",69,"Aisha S. Dickerson, Aaron J. Specht","17 May 2021"
"https://www.mdpi.com/journal/ijerph/special_issues/Industrial_Risk",6,3,0.5,2021-05-21,2021-05-21,"2,2,2","No info",0,"Gianpaolo Di Bona, Antonio Forcina, Dr. Filippo De Carlo","21 May 2021"
"https://www.mdpi.com/journal/ijerph/special_issues/Health_Sport",13,2,0.154,2021-05-28,2021-05-28,"1,1","No info",0,"Prof. Dr. Susanna Geidne, Prof. Dr. Aurelie Van Hoye","28 May 2021"
"https://www.mdpi.com/journal/ijerph/special_issues/advances_green_exercise_health_promotion",8,5,0.625,2021-05-30,2022-02-17,"2,2,0,1,1","No info",-263,"Giovanna Calogiuri, Jo Barton, Børge Baklien, Dr. Christopher J. Gidlow, Tadhg Macintyre","30 May 2021"
"https://www.mdpi.com/journal/ijerph/special_issues/Occupational_Health_Psychology",21,4,0.19,2021-05-31,2021-08-06,"3,0,1,2","No info",-67,"Dr. Jose M. Leon-Perez, Mindy K. Shoss, Aristides I. Ferreira, Dr. Gabriele Giorgi","31 May 2021"
"https://www.mdpi.com/journal/ijerph/special_issues/obstetrics_gynecology_Womens_Health",18,4,0.222,2021-05-31,2021-07-18,"4,1","No info",-48,"Dr. Agnieszka Drosdzol-Cop, Anna Fuchs","31 May 2021"
"https://www.mdpi.com/journal/ijerph/special_issues/promoting_health_physical_activity_well_being_children_adolescents",22,3,0.136,2021-05-31,2021-05-29,"3,0","No info",2,"Damian Iglesias Gallego, Benito Leon del Barco","31 May 2021"
"https://www.mdpi.com/journal/ijerph/special_issues/Phys_Act_Behav_Child_Adolesc",17,3,0.176,2021-05-31,2021-11-03,"0,2,0,1","No info",-156,"Dr. Jose Enrique Moral-Garcia, Dr. Sergio Lopez-Garcia, Dr. Eliseo Garcia-Canto, Dr. Cristian Abelairas-Gomez","31 May 2021"
"https://www.mdpi.com/journal/ijerph/special_issues/healtheffects_shiftwork",20,7,0.35,2021-05-31,2021-07-12,"3,3,1,2","No info",-42,"Dr. Tae-Won Jang, Dr. Hyoung-Ryoul Kim, Mo-Yeol Kang, Hye-Eun Lee","31 May 2021"
"https://www.mdpi.com/journal/ijerph/special_issues/Maritime_Infrastructures",13,0,0,2021-05-31,2021-07-30,"0,0,0,0","No info",-60,"M. Dolores Esteban, Jose-Santos Lopez-Gutierrez, Vicente Negro, Dr. Jose Marcos Ortega","31 May 2021"
"https://www.mdpi.com/journal/ijerph/special_issues/_self-harm_suicide_prevention",9,2,0.222,2021-05-31,2021-05-25,"1,0,1","5",6,"Maria Michail, Anna Lavis, Pooja Saini","31 May 2021"
"https://www.mdpi.com/journal/ijerph/special_issues/Microbial_Contaminants",9,2,0.222,2021-05-31,2021-02-02,"2","No info",118,"Dr. Atin Adhikari","31 May 2021"
"https://www.mdpi.com/journal/ijerph/special_issues/mHealth_mRehab",10,5,0.5,2021-05-31,2021-05-31,"0,4,5","No info",0,"Michael L. Jones, Frank Deruyter, John T. Morris","31 May 2021"
"https://www.mdpi.com/journal/ijerph/special_issues/Health_Risk_Assessment_Environmental_Exposure",10,2,0.2,2021-05-31,2021-07-07,"2","No info",-37,"Angela Di Pietro","31 May 2021"
"https://www.mdpi.com/journal/ijerph/special_issues/24H_MB",9,1,0.111,2021-05-31,2021-06-15,"1,0","No info",-15,"Xanne Janssen, Ann-Maree Parrish","31 May 2021"
"https://www.mdpi.com/journal/ijerph/special_issues/innovative_wastes",5,2,0.4,2021-05-31,2021-05-30,"2,1,0","2",1,"David Gabriel, Giulio Munz, Xavier Gamisans Noguera","31 May 2021"
"https://www.mdpi.com/journal/ijerph/special_issues/AWQMAAT",9,1,0.111,2021-05-31,2021-06-21,"1,0,0","No info",-21,"Magdalena Toporowska, Agnieszka Budzyńska, Triantafyllos Kaloudis","31 May 2021"
"https://www.mdpi.com/journal/ijerph/special_issues/climate_big_data",8,2,0.25,2021-05-31,2021-05-19,"1,0,1","No info",12,"Jongchul Park, Yong Jee Kim, Sung Moon Kwon","31 May 2021"
"https://www.mdpi.com/journal/ijerph/special_issues/SNSPA",8,2,0.25,2021-05-31,2021-06-28,"0,1,2","4",-28,"Dr. Hagen Wäsche, Annika Frahsa, Dr. Ansgar Thiel","31 May 2021"
"https://www.mdpi.com/journal/ijerph/special_issues/RRHW",8,3,0.375,2021-05-31,2021-07-19,"1,3","No info",-49,"Dr. Kathleen Tori, Carey Mather","31 May 2021"
"https://www.mdpi.com/journal/ijerph/special_issues/Aging_Cog",6,1,0.167,2021-05-31,2021-05-29,"1,1","5",2,"Elena Lobo, Patricia Gracia-Garcia","31 May 2021"
"https://www.mdpi.com/journal/ijerph/special_issues/TFIRM",6,4,0.667,2021-05-31,2021-05-31,"0,0,4","1",0,"Rodney Peter Pope, - Warrior Research Center JoEllen M. Sefton, Robin Orr","31 May 2021"
"https://www.mdpi.com/journal/ijerph/special_issues/HP_PA_SB",5,1,0.2,2021-05-31,2021-07-04,"1,0,0,0","No info",-34,"Dr. Maria Gine-Garriga, Jason Wilson, Anna Puig-Ribera, Andrea Hergenroeder","31 May 2021"
"https://www.mdpi.com/journal/ijerph/special_issues/EHUD",6,0,0,2021-05-31,2021-05-20,"0","0",11,"Dr. Kim Natasha Dirks","31 May 2021"
"https://www.mdpi.com/journal/ijerph/special_issues/_health_care_for_older_adults",17,2,0.118,2021-06-01,2021-05-27,"2,0,0,1","No info",5,"Francisco Jose Tarazona Santabalbina, Sebastia Josep Santaeugenia Gonzalez, Jose Augusto Garcia Navarro, Dr. Jose Vina Ribes","1 June 2021"
"https://www.mdpi.com/journal/ijerph/special_issues/psychological_impact",11,2,0.182,2021-06-10,2021-05-26,"1,1","No info",15,"Finiki Nearchou, Cliodhna O’Connor","10 June 2021"
"https://www.mdpi.com/journal/ijerph/special_issues/Age_Related",6,1,0.167,2021-06-10,2021-03-25,"1,1","No info",77,"Andreas Nilsson, Dr. Fawzi Kadi","10 June 2021"
"https://www.mdpi.com/journal/ijerph/special_issues/OHAD",16,1,0.062,2021-06-15,2021-05-11,"1","No info",35,"Dr. Francisco Javier Rodriguez Lozano","15 June 2021"
"https://www.mdpi.com/journal/ijerph/special_issues/SBEHBA",9,3,0.333,2021-06-15,2021-08-31,"3,1,0","5",-77,"Lilah Besser, Willa D. Brenowitz, Oanh Le Meyer","15 June 2021"
"https://www.mdpi.com/journal/ijerph/special_issues/sport_concussion",5,0,0,2021-06-15,2021-02-04,"0","No info",131,"Dr. Dilipkumar R. Patel","15 June 2021"
"https://www.mdpi.com/journal/ijerph/special_issues/indigenous_tribal_wellbeing",31,6,0.194,2021-06-30,2021-08-11,"3,2,1,3","No info",-42,"Dr. Joan Cunningham, Abbey Diaz, Kalinda Griffiths, Lisa Whop","30 June 2021"
"https://www.mdpi.com/journal/ijerph/special_issues/nursing_society",31,5,0.161,2021-06-30,2021-06-24,"3,1,5","No info",6,"Elena Fernandez-Martinez, Lisa Alves Gomes, Cristina Liebana-Presa","30 June 2021"
"https://www.mdpi.com/journal/ijerph/special_issues/Occupational_Risk",22,4,0.182,2021-06-30,2021-06-23,"1,2,2","No info",7,"Dr. Carlos Ruiz-Frutos, Sarah A. Felknor, Dr. Juan Gomez-Salgado","30 June 2021"
"https://www.mdpi.com/journal/ijerph/special_issues/feature_mental_sexual_health",13,3,0.231,2021-06-30,2021-07-01,"2,0,1","No info",-1,"Dr. David L. Rowland, Dr. Zainab Zadeh, Nieves Moyano","30 June 2021"
"https://www.mdpi.com/journal/ijerph/special_issues/community_nutrition_physical_exercise",12,5,0.417,2021-06-30,2021-11-05,"4,1,2","No info",-128,"Dr. Alejandro Martinez-Rodriguez, Prof. Thomas P. Gunnarsson, Dr. Jacobo A. Rubio-Arias","30 June 2021"
"https://www.mdpi.com/journal/ijerph/special_issues/active_aging",20,6,0.3,2021-06-30,2021-06-23,"5,5,5,5,4,1","No info",7,"Dr. Juan Manuel Carmona-Torres, Dr. Ana Isabel Cobo-Cuenca, Jose Alberto Laredo-Aguilera, Dr. Pedro Angel Latorre Roman, Dr. Juan Antonio Parraga Montilla, Dr. Diana Patricia Pozuelo-Carrascosa","30 June 2021"
"https://www.mdpi.com/journal/ijerph/special_issues/Health_Homelessness",14,1,0.071,2021-06-30,2021-09-28,"1,1","No info",-90,"Kate Frazer, Dr. Thilo Kroll","30 June 2021"
"https://www.mdpi.com/journal/ijerph/special_issues/SCCAPE",13,3,0.231,2021-06-30,2021-07-28,"1,0,2","No info",-28,"Gustavo Gonzalez-Calvo, Alfonso Garcia-Monge, Daniel Bores-Garcia","30 June 2021"
"https://www.mdpi.com/journal/ijerph/special_issues/perinatal_mental_health",15,2,0.133,2021-06-30,2021-06-17,"2","No info",13,"Dr. M. Carmen Miguez Varela","30 June 2021"
"https://www.mdpi.com/journal/ijerph/special_issues/dark_traits",9,3,0.333,2021-06-30,2021-06-29,"0,3,0","No info",1,"Pablo Clemente Espinosa Breen, Dr. Miguel Clemente, Valdiney V. Gouveia","30 June 2021"
"https://www.mdpi.com/journal/ijerph/special_issues/Exercise_Coronavirus",11,1,0.091,2021-06-30,2021-06-30,"1,1","8",0,"Amelia Guadalupe Grau, Olga Lopez Torres","30 June 2021"
"https://www.mdpi.com/journal/ijerph/special_issues/FETSHE",6,2,0.333,2021-06-30,2021-06-30,"1,0,2,0,0","No info",0,"Dr. Adam Glowacz, Dr. Jose Alfonso Antonino-Daviu, Muhammad Irfan, Thompson Sarkodie-Gyan, Zhixiong Li","30 June 2021"
"https://www.mdpi.com/journal/ijerph/special_issues/wellbeing_outdoor",12,2,0.167,2021-06-30,2021-07-09,"2,1","No info",-9,"Riikka Puhakka, Kati Pitkänen","30 June 2021"
"https://www.mdpi.com/journal/ijerph/special_issues/TEE_FP",15,1,0.067,2021-06-30,2021-06-28,"1,0","No info",2,"Juan Pedro Arrebola, Vicente Mustieles","30 June 2021"
"https://www.mdpi.com/journal/ijerph/special_issues/Foot_Posture",13,6,0.462,2021-06-30,2021-09-15,"2,0,2,2","No info",-77,"Dr. Alfonso Martinez-Nova, Angela Evans, Dr. Gabriel Gijon-Nogueron, Dr. Kevin Deschamps","30 June 2021"
"https://www.mdpi.com/journal/ijerph/special_issues/Physical_Disparities_Rural",12,6,0.5,2021-06-30,2021-11-01,"3,4,5","No info",-124,"Prof. Dr. Cynthia Perry, Prof. Dr. Christiaan Abildso, Dr. M. Renee Umstattd Meyer","30 June 2021"
"https://www.mdpi.com/journal/ijerph/special_issues/cyber-victimization_prevention_adolescents",8,0,0,2021-06-30,2021-06-23,"0,0,0","No info",7,"Jacek Pyżalski, Sara Pabian, Łukasz Tomczyk","30 June 2021"
"https://www.mdpi.com/journal/ijerph/special_issues/Solutions_Improving_Critical_Environmental_Conditions_Healthcare_Facilities_Low_Middle_Income_Countries",7,3,0.429,2021-06-30,2021-09-29,"3,0,0","No info",-91,"Ryan Cronk, Irving Hoffman, Tisungane Mvalo","30 June 2021"
"https://www.mdpi.com/journal/ijerph/special_issues/Adolescents_Diagnosis",12,7,0.583,2021-06-30,2021-06-24,"6,1,6,0,0","No info",6,"Dr. Cheng-Fang Yen, Liang-Jen Wang, Ray C. Hsiao, Mu-Hong Chen, Yi-Ling Chien","30 June 2021"
"https://www.mdpi.com/journal/ijerph/special_issues/pathological_gambling",8,2,0.25,2021-06-30,2021-08-31,"2,2,0","No info",-62,"Alessia Passanisi, Dr. Ugo Pace, Giulio D’Urso","30 June 2021"
"https://www.mdpi.com/journal/ijerph/special_issues/forensic_epidemiology",8,4,0.5,2021-06-30,2021-07-27,"4,3,0","No info",-27,"Michael D. Freeman, Dr. Maurice Zeegers, Dr. Henry Otgaar","30 June 2021"
"https://www.mdpi.com/journal/ijerph/special_issues/Sleep_Mental",10,3,0.3,2021-06-30,2021-07-23,"3,3","No info",-23,"Natalie D. Dautovich, Joseph M. Dzierzewski","30 June 2021"
"https://www.mdpi.com/journal/ijerph/special_issues/physical_activity_fitness",11,2,0.182,2021-06-30,2021-06-14,"2","No info",16,"Alberto Soriano-Maldonado","30 June 2021"
"https://www.mdpi.com/journal/ijerph/special_issues/SARS_CoV_Physical_Activity",5,1,0.2,2021-06-30,2021-05-18,"1,1,1","No info",43,"Alexander A. Hanke, Dr. Uwe Tegtbur, Dr. Arno Kerling","30 June 2021"
"https://www.mdpi.com/journal/ijerph/special_issues/global_environmental_threats",6,2,0.333,2021-06-30,2020-12-16,"1,0,1","No info",196,"Dr. Carlos Corvalan, Selina Lo, Dr. Anthony Capon","30 June 2021"
"https://www.mdpi.com/journal/ijerph/special_issues/Oral-Pathologies",9,4,0.444,2021-06-30,2021-05-27,"4","No info",34,"Dr. Iole Vozza","30 June 2021"
"https://www.mdpi.com/journal/ijerph/special_issues/TIBTIAMH",6,0,0,2021-06-30,2020-11-05,"0","No info",237,"Joe Firth","30 June 2021"
"https://www.mdpi.com/journal/ijerph/special_issues/health_facilities",8,3,0.375,2021-06-30,2021-09-23,"1,2","2",-85,"Anjali Joseph, Ellen Taylor","30 June 2021"
"https://www.mdpi.com/journal/ijerph/special_issues/mr_Physical_Activity_Socioenvironmental_Factors_Students",9,4,0.444,2021-06-30,2021-07-30,"2,1,2,0","No info",-30,"Jose Devis-Devis, PhD, Carmen Peiro-Velert, PhD, Alexandra Valencia-Peris, PhD, Jorge Lizandra, PhD","30 June 2021"
"https://www.mdpi.com/journal/ijerph/special_issues/public_health_food_environmental_policy_nexus_the_context_civil_society",7,5,0.714,2021-06-30,2022-02-10,"0,1,4","No info",-225,"Dr. Christopher A. Simon, John C. Pierce, Dr. Brent S. Steel","30 June 2021"
"https://www.mdpi.com/journal/ijerph/special_issues/DASC_health",9,1,0.111,2021-06-30,2021-06-30,"1","No info",0,"Dr. Ricardo Pagan","30 June 2021"
"https://www.mdpi.com/journal/ijerph/special_issues/tobacco_health_risk",9,0,0,2021-06-30,2021-06-29,"0,0,0","No info",1,"Dorota Kaleta, Dr. Kinga Polańska, Dr. Joanna Jurewicz","30 June 2021"
"https://www.mdpi.com/journal/ijerph/special_issues/problematic_alcohol",7,1,0.143,2021-06-30,2021-08-23,"0,1","No info",-54,"John H. Foster, Dr. Betsy Thom","30 June 2021"
"https://www.mdpi.com/journal/ijerph/special_issues/Socio_Environ_Epidemiol_Dengue",7,4,0.571,2021-06-30,2021-08-04,"4","No info",-35,"Richard Paul","30 June 2021"
"https://www.mdpi.com/journal/ijerph/special_issues/Pulmonary_Ventricle_Hypoxia",6,4,0.667,2021-06-30,2021-09-02,"3,3","1",-64,"Akylbek Sydykov, Djuro Kosanovic","30 June 2021"
"https://www.mdpi.com/journal/ijerph/special_issues/food_literacy_public_health",7,2,0.286,2021-06-30,2021-06-22,"2,0","No info",8,"Andrea Begley, Helen Vidgen","30 June 2021"
"https://www.mdpi.com/journal/ijerph/special_issues/DSMEDAML",6,4,0.667,2021-06-30,2021-06-26,"4","No info",4,"Taro Shimizu","30 June 2021"
"https://www.mdpi.com/journal/ijerph/special_issues/Inequalities_Health_Care",6,3,0.5,2021-06-30,2021-09-17,"2,0,1","0",-79,"Dr. Milena Pavlova, Tetiana Stepurko, Marzena Tambor","30 June 2021"
"https://www.mdpi.com/journal/ijerph/special_issues/Health_System_Performance",7,2,0.286,2021-06-30,2021-02-05,"1,0,1","No info",145,"Dr. Iga Rudawska, Jahangir A. M. Khan, Dr. Judith E. Arnetz","30 June 2021"
"https://www.mdpi.com/journal/ijerph/special_issues/Diagnosis_Prevention_Asthma_Children",5,3,0.6,2021-06-30,2021-04-15,"2,3","No info",76,"Joao Cavaleiro Rufo, Luis Delgado","30 June 2021"
"https://www.mdpi.com/journal/ijerph/special_issues/work_obesity",6,2,0.333,2021-06-30,2021-09-14,"2","No info",-76,"Dr. Katie M. Heinrich","30 June 2021"
"https://www.mdpi.com/journal/ijerph/special_issues/Psychological_Pain",7,3,0.429,2021-06-30,2021-05-12,"3,3","No info",49,"Rosa Esteve-Zarazaga, Carmen Ramirez-Maestre","30 June 2021"
"https://www.mdpi.com/journal/ijerph/special_issues/Socioeconomic_Determinants_Oral_Health",6,2,0.333,2021-06-30,2022-01-06,"2","No info",-190,"Yusuke Matsuyama","30 June 2021"
"https://www.mdpi.com/journal/ijerph/special_issues/ITSEWW",5,0,0,2021-06-30,2021-03-29,"0,0","No info",93,"Daniele Cecconet, Saba Daneshgar","30 June 2021"
"https://www.mdpi.com/journal/ijerph/special_issues/melanoma_risk",5,1,0.2,2021-06-30,2021-01-13,"1,1","No info",168,"Dr. Olaf Gefeller, Dr. Marit B. Veierød","30 June 2021"
"https://www.mdpi.com/journal/ijerph/special_issues/Cancer_Surveillance_Intelligence",6,1,0.167,2021-06-30,2021-08-02,"1,0","No info",-33,"Lorraine Shack, Winson Cheung","30 June 2021"
"https://www.mdpi.com/journal/ijerph/special_issues/Nonparametric_Statistics_Machine_Learning",5,2,0.4,2021-06-30,2021-06-28,"2,0,0,0","No info",2,"Hassan Doosti, Hashem Salarzadeh Jenatabadi, Kobra Etminani, Nino Kordzakhia","30 June 2021"
"https://www.mdpi.com/journal/ijerph/special_issues/occupation_safe",16,1,0.062,2021-07-01,2021-10-15,"0,0,1","No info",-106,"Dr. Sang Choi, Chao Wang, Shuping Xiong","1 July 2021"
"https://www.mdpi.com/journal/ijerph/special_issues/healthy_indoor",5,1,0.2,2021-07-01,2021-05-04,"1,1","No info",58,"Dr. Tim Sharpe, Grainne McGill","1 July 2021"
"https://www.mdpi.com/journal/ijerph/special_issues/Community_Public_Mental_Health_Care",7,0,0,2021-07-01,2021-06-18,"0,0,0","No info",13,"Kari Kvaal, Ellen Nesset Mælan, Ingun Dina Ulstein","1 July 2021"
"https://www.mdpi.com/journal/ijerph/special_issues/Applying_Clinical_Psychology_to_Medical_Conditions",7,2,0.286,2021-07-15,2021-07-06,"2,2","No info",9,"Dr. Ciro Conversano, Graziella Orrù","15 July 2021"
"https://www.mdpi.com/journal/ijerph/special_issues/Technology_Care",7,1,0.143,2021-07-15,2021-12-06,"1,0","No info",-144,"Miquel Domenech, Nuria Valles-Peris","15 July 2021"
"https://www.mdpi.com/journal/ijerph/special_issues/Refugees_Across_Communities",8,2,0.25,2021-07-15,2021-10-01,"2,2","4",-78,"Dr. Alessandra Talamo, Camilla Modesti","15 July 2021"
"https://www.mdpi.com/journal/ijerph/special_issues/empower_patients",9,3,0.333,2021-07-16,2021-07-02,"3,3","No info",14,"Michela Rimondini, Isolde Martina Busch","16 July 2021"
"https://www.mdpi.com/journal/ijerph/special_issues/PHPLD",9,0,0,2021-07-30,2021-10-10,"0,0","No info",-72,"Dr. C. Eduardo Siqueira, Italla Bezerra","30 July 2021"
"https://www.mdpi.com/journal/ijerph/special_issues/COVID-19_risk",33,1,0.03,2021-07-31,2021-09-17,"1,1,0,0","No info",-48,"Dr. Michael McAleer, Dr. Chia-Lin Chang, Dr. Daniel J. Slottje, Dr. Teodosio Perez Amaral","31 July 2021"
"https://www.mdpi.com/journal/ijerph/special_issues/Qual_Mix_Methods_HealthC",31,2,0.065,2021-07-31,2021-08-26,"2","No info",-26,"Dr. Domingo Palacios-Ceña","31 July 2021"
"https://www.mdpi.com/journal/ijerph/special_issues/Psychosocial_Education",28,4,0.143,2021-07-31,2021-07-09,"2,4","No info",22,"Dr. Felix Zurita Ortega, Dr. Gabriel Gonzalez Valero","31 July 2021"
"https://www.mdpi.com/journal/ijerph/special_issues/IECERPH-3",20,0,0,2021-07-31,2021-07-06,"0","No info",25,"Dr. Jon Øyvind Odland","31 July 2021"
"https://www.mdpi.com/journal/ijerph/special_issues/older_health",16,1,0.062,2021-07-31,2021-08-06,"0,1","No info",-6,"Dr. Catherine Hennessy, Elaine Douglas","31 July 2021"
"https://www.mdpi.com/journal/ijerph/special_issues/anxiety_Depression_Stress_Pregnancy_Effects_Women",15,4,0.267,2021-07-31,2021-07-28,"3,2,3","No info",3,"Dr. Mariola Bidzan, Łucja Bieleninik, Karolina Lutkiewicz","31 July 2021"
"https://www.mdpi.com/journal/ijerph/special_issues/survey_psychological",14,4,0.286,2021-07-31,2021-07-15,"3,4","No info",16,"Dr. Paola Gremigni, Dr. Giulia Casu","31 July 2021"
"https://www.mdpi.com/journal/ijerph/special_issues/Job_Burnout",11,4,0.364,2021-07-31,2021-11-14,"1,2,0,1","No info",-106,"Sara Viotti, Dr. Anthony Montgomery, Guidetti Gloria, Igor Portoghese","31 July 2021"
"https://www.mdpi.com/journal/ijerph/special_issues/Psychosocial_Physical",15,3,0.2,2021-07-31,2022-03-02,"3,2","No info",-214,"Won Ju Hwang, Dr. Mi Jeong Kim","31 July 2021"
"https://www.mdpi.com/journal/ijerph/special_issues/sex_gender_violence",15,3,0.2,2021-07-31,2021-07-27,"2,2,1","No info",4,"Dr. Isabel Cuadrado-Gordillo, Dr. Inmaculada Fernandez-Antelo, Gonzalo del Moral Arroyo","31 July 2021"
"https://www.mdpi.com/journal/ijerph/special_issues/physical_education_children",11,4,0.364,2021-07-31,2021-06-07,"4,2,2","No info",54,"Pedro Antonio Sanchez-Miguel, David Hortiguela Alcala, Sixto Gonzalez-Villora","31 July 2021"
"https://www.mdpi.com/journal/ijerph/special_issues/MPERPHA",12,4,0.333,2021-07-31,2022-05-11,"4","No info",-284,"Dr. Wing-Keung Wong","31 July 2021"
"https://www.mdpi.com/journal/ijerph/special_issues/healthcare_systems",11,1,0.091,2021-07-31,2021-08-04,"0,1","No info",-4,"Med. Martin Wiesner, Dr. Björn Schreiweis","31 July 2021"
"https://www.mdpi.com/journal/ijerph/special_issues/FIHEI",7,2,0.286,2021-07-31,2021-08-02,"2,1,1,2","5",-2,"Elena Carrillo-Alvarez, Raimon Mila Villarroel, Lluis Costa-Tutusaus, Blanca Salinas-Roca","31 July 2021"
"https://www.mdpi.com/journal/ijerph/special_issues/FSMEC",8,4,0.5,2021-07-31,2021-11-21,"1,1,2,2","No info",-113,"Conrado Javier Carrascosa Iruzubieta, Dr. Kathryn A. Whitehead, Dr. Arturo Hardisson de la Torre, Dr. Carmen Rubio","31 July 2021"
"https://www.mdpi.com/journal/ijerph/special_issues/suicide_prevention_global",10,5,0.5,2021-07-31,2021-08-13,"3,5,0,3","No info",-13,"Victoria Ross, Dr. Kairi Kõlves, Dr. Ella Arensman, Dr. Diego De Leo","31 July 2021"
"https://www.mdpi.com/journal/ijerph/special_issues/psychosocial_environmental_correlates_physical_activity_youth_childhood",8,2,0.25,2021-07-31,2021-07-27,"2,1","No info",4,"Susana Aznar, Dr. Maria Paula Santos","31 July 2021"
"https://www.mdpi.com/journal/ijerph/special_issues/out_in_Air",11,0,0,2021-07-31,2021-10-01,"0,0,0","No info",-62,"Gianluigi de Gennaro, Jolanda Palmisani, Alessia Di Gilio","31 July 2021"
"https://www.mdpi.com/journal/ijerph/special_issues/EDCEA",7,2,0.286,2021-07-31,2021-11-09,"1,1,1,0","No info",-101,"Dr. Tiziana Schilirò, Giovanna Di Nardo, Cinzia La Rocca, Dr. Giovanna Cristina Varese","31 July 2021"
"https://www.mdpi.com/journal/ijerph/special_issues/DIFTTAPOMHD",6,0,0,2021-07-31,2021-07-31,"0","No info",0,"Claudia Buntrock","31 July 2021"
"https://www.mdpi.com/journal/ijerph/special_issues/N_AFLD",6,0,0,2021-07-31,2021-05-25,"0,0","No info",67,"Bruno Ramos-Molina, Fernando Cardona","31 July 2021"
"https://www.mdpi.com/journal/ijerph/special_issues/LGC",6,0,0,2021-07-31,2021-07-07,"0,0,0","No info",24,"Erika Zazzo, Monica Rienzo, Ciro Abbondanza","31 July 2021"
"https://www.mdpi.com/journal/ijerph/special_issues/Neighborhood_Cancer",8,3,0.375,2021-07-31,2021-10-11,"2,1","No info",-72,"Kirsten Beyer, Amber L. Pearson","31 July 2021"
"https://www.mdpi.com/journal/ijerph/special_issues/Metal_Mobilization_Immobilization_Soil_Restoration",6,2,0.333,2021-07-31,2021-10-23,"0,2,2","No info",-84,"Mariusz Gusiatin, Dr. Jurate Kumpiene, Maja Radziemska","31 July 2021"
"https://www.mdpi.com/journal/ijerph/special_issues/mental_health_community",6,2,0.333,2021-07-31,2021-06-30,"1,1,0","No info",31,"Dr. Manuel Garcia-Ramirez, Dr. Yolanda Suarez-Balcazar, Marek Szilvasi","31 July 2021"
"https://www.mdpi.com/journal/ijerph/special_issues/FP_ECT",4,0,0,2021-07-31,2020-12-29,"0","No info",214,"Daniela Varrica","31 July 2021"
"https://www.mdpi.com/journal/ijerph/special_issues/dermatology",5,0,0,2021-07-31,2021-03-10,"0,0","No info",143,"Dr. Alexander G.S. Zink, Dr. Claudio R. Nigg","31 July 2021"
"https://www.mdpi.com/journal/ijerph/special_issues/Advances_Oral_Implantology",6,3,0.5,2021-08-15,2021-11-01,"3,0,0,0","No info",-78,"Dr. Giovanni Battista Menchini Fabris, Dr. Alessandro Quaranta, Dr. Eitan Mijiritsky, Dr. Antonio Barone","15 August 2021"
"https://www.mdpi.com/journal/ijerph/special_issues/RWDARWE",7,2,0.286,2021-08-20,2020-11-30,"2","No info",263,"Dr. Valentina Orlando","20 August 2021"
"https://www.mdpi.com/journal/ijerph/special_issues/worker_health",29,1,0.034,2021-08-31,2021-10-31,"0,0,1","No info",-61,"Sara L. Tamers, Lewis Casey Chosewood, Jessica Streit","31 August 2021"
"https://www.mdpi.com/journal/ijerph/special_issues/obstetric_violence",12,3,0.25,2021-08-31,2021-09-22,"3","No info",-22,"Dr. Katarina Swahnberg","31 August 2021"
"https://www.mdpi.com/journal/ijerph/special_issues/PF_HI",12,3,0.25,2021-08-31,2021-08-27,"3","No info",4,"Javier Courel-Ibanez","31 August 2021"
"https://www.mdpi.com/journal/ijerph/special_issues/healthcare_services",16,4,0.25,2021-08-31,2021-09-01,"3,2","No info",-1,"Ramune Jacobsen, Mina Nicole Händel","31 August 2021"
"https://www.mdpi.com/journal/ijerph/special_issues/sports_training",16,6,0.375,2021-08-31,2021-08-28,"4,2,2","No info",3,"Filipe Manuel Clemente, Daniel Castillo, Asier Los Arcos","31 August 2021"
"https://www.mdpi.com/journal/ijerph/special_issues/environmental_health_blue_green_infrastructure_planning_health_equity",11,5,0.455,2021-08-31,2021-12-12,"3,2,1,1","No info",-103,"Mahbubur Meenar, Megan Heckert, Helen Cole, Deepti Adlakha","31 August 2021"
"https://www.mdpi.com/journal/ijerph/special_issues/Lifestyle_Medicine_Movement_Extention_Public_Health_Medicine",10,1,0.1,2021-08-31,2021-09-21,"1","No info",-21,"Leigh A. Frame","31 August 2021"
"https://www.mdpi.com/journal/ijerph/special_issues/Assistive_Technology",14,3,0.214,2021-08-31,2021-09-21,"2,1","9",-21,"Thais Pousada, Dr. Emiliano Diez","31 August 2021"
"https://www.mdpi.com/journal/ijerph/special_issues/DHT",9,4,0.444,2021-08-31,2021-08-31,"2,2","2",0,"Pieter M. E. van Gorp, Monique Simons","31 August 2021"
"https://www.mdpi.com/journal/ijerph/special_issues/Life_HealthCare",12,2,0.167,2021-08-31,2021-10-22,"2","No info",-52,"Thomas G. Poder","31 August 2021"
"https://www.mdpi.com/journal/ijerph/special_issues/ITSSHP",13,1,0.077,2021-08-31,2021-07-16,"1,1,0","No info",46,"Lisa N. Sharwood, Fiona Shand, Jesse Young","31 August 2021"
"https://www.mdpi.com/journal/ijerph/special_issues/music_voice",11,3,0.273,2021-08-31,2021-06-29,"3,2","8",63,"Łucja Bieleninik, Mark Ettenberger","31 August 2021"
"https://www.mdpi.com/journal/ijerph/special_issues/Environ_Sci_Technol",11,0,0,2021-08-31,2021-09-04,"0","No info",-4,"Daniela Varrica","31 August 2021"
"https://www.mdpi.com/journal/ijerph/special_issues/Life_Style_Mental_Health",11,3,0.273,2021-08-31,2021-09-13,"3,3,0,0","No info",-13,"Fernando Sanchez-Santed, Maria Teresa Colomina Fosch, Caridad Lopez Granero, Ingrid Reverte","31 August 2021"
"https://www.mdpi.com/journal/ijerph/special_issues/risk_substance_abuse",12,7,0.583,2021-08-31,2021-08-07,"2,1,2,2","No info",24,"Dr. Marta Lima-Serrano, Dr. Isotta Mac Fadden, Prof. Dr. Elena Gervilla, Alexandra Morales","31 August 2021"
"https://www.mdpi.com/journal/ijerph/special_issues/Gambling_Disorder",9,2,0.222,2021-08-31,2021-09-18,"1,2","No info",-18,"Dr. Anders Hakansson, Susana Jimenez-Murcia","31 August 2021"
"https://www.mdpi.com/journal/ijerph/special_issues/Applied_Health_Econometrics",10,2,0.2,2021-08-31,2021-11-09,"1,1","No info",-70,"Dr. Antonio Montanes, Dr. David Cantarero-Prieto","31 August 2021"
"https://www.mdpi.com/journal/ijerph/special_issues/mHealth_application_ambulatory_care_settings",8,2,0.25,2021-08-31,2021-08-30,"2","No info",1,"Lynne S. Nemeth","31 August 2021"
"https://www.mdpi.com/journal/ijerph/special_issues/healthy_habits_children_adolescents",8,0,0,2021-08-31,2021-04-14,"0","No info",139,"Daniel Camiletti-Moiron","31 August 2021"
"https://www.mdpi.com/journal/ijerph/special_issues/Optimising_Drug_Prescribing_Improving_Medication_Management",9,1,0.111,2021-08-31,2021-09-30,"1,1","7",-30,"Caitriona Cahir, Dr. Enrica Menditto","31 August 2021"
"https://www.mdpi.com/journal/ijerph/special_issues/influence_risk_factors_periodontitis_periodontal_treatment",9,5,0.556,2021-08-31,2021-07-29,"3,1,2,0","No info",33,"Dr. Olivier Huck, Helene Range, Ulku Baser, Alexandra Stahli","31 August 2021"
"https://www.mdpi.com/journal/ijerph/special_issues/Community_Nurse",7,1,0.143,2021-08-31,2022-03-16,"0,1","6",-197,"Adelita G. Cantu, Ruth McDermott-Levy","31 August 2021"
"https://www.mdpi.com/journal/ijerph/special_issues/enterprise_circular_economy",6,1,0.167,2021-08-31,2021-09-06,"1,0,0","4",-6,"Dr. Sukanlaya Sawang, Anna Bogush, Garry Kuan","31 August 2021"
"https://www.mdpi.com/journal/ijerph/special_issues/DPACF",6,1,0.167,2021-08-31,2021-09-28,"0,1","No info",-28,"Dr. Lon Jeffrey Van Winkle, Rebecca Jean Ryznar","31 August 2021"
"https://www.mdpi.com/journal/ijerph/special_issues/Exploring_Environment_Women_Health_Access_Health_Related_Services",5,0,0,2021-08-31,2021-08-18,"0","No info",13,"Samantha C. Winter","31 August 2021"
"https://www.mdpi.com/journal/ijerph/special_issues/trauma_coping_resilience",5,2,0.4,2021-08-31,2021-09-01,"2,1,1","No info",-1,"Tara Powell, Kate M. Wegmann, Kevin Tan","31 August 2021"
"https://www.mdpi.com/journal/ijerph/special_issues/SIRP",6,3,0.5,2021-08-31,2021-03-13,"0,3","No info",171,"Gustavo R Mota, Moacir Marocolo","31 August 2021"
"https://www.mdpi.com/journal/ijerph/special_issues/WMAADFTRPARTW",5,1,0.2,2021-08-31,2020-12-30,"1,0","No info",244,"Alberto Ranavolo, Daniele Pucci","31 August 2021"
"https://www.mdpi.com/journal/ijerph/special_issues/HRQoL_economic",6,1,0.167,2021-08-31,2021-08-13,"0,1,0","No info",18,"Dr. Abdulgafoor M. Bachani, Jagnoor Jagnoor, Margaret Peden","31 August 2021"
"https://www.mdpi.com/journal/ijerph/special_issues/spatial_analysis",7,1,0.143,2021-08-31,2021-12-03,"1,0","2",-94,"Darren Wraith, Susanna Cramb","31 August 2021"
"https://www.mdpi.com/journal/ijerph/special_issues/Biopesticides",5,1,0.2,2021-08-31,2021-04-14,"1,0","No info",139,"Surendra K. Dara, Stefan T. Jaronski","31 August 2021"
"https://www.mdpi.com/journal/ijerph/special_issues/environmental_pathogens",6,3,0.5,2021-08-31,2021-08-03,"1,3","No info",28,"Clementina Elvezia Cocuzza, Maria Luisa Ricci","31 August 2021"
"https://www.mdpi.com/journal/ijerph/special_issues/Econ_Health_Lifestye",5,1,0.2,2021-08-31,2021-09-09,"1,0,0","4",-9,"Ce Shang, Nigar Nargis, Dr. Frank J. Chaloupka","31 August 2021"
"https://www.mdpi.com/journal/ijerph/special_issues/special_populations_instruments_assessment",5,1,0.2,2021-08-31,2021-08-07,"1,1,1","4",24,"Francesc Medina-Mirapeix, Rodrigo Martin-San Agustin, Ma Piedad Sanchez-Martinez","31 August 2021"
"https://www.mdpi.com/journal/ijerph/special_issues/mr_socmedia",10,3,0.3,2021-09-01,2021-09-16,"3,1","No info",-15,"Jon-Patrick Allem, Anuja Majmundar","1 September 2021"
"https://www.mdpi.com/journal/ijerph/special_issues/stress_first_responders",12,2,0.167,2021-09-01,2021-07-12,"2,0,0,0","No info",51,"Konstantinos Papazoglou, Katy Kamkar, Olivia Johnson, Chuck Russo","1 September 2021"
"https://www.mdpi.com/journal/ijerph/special_issues/Mental_Health_Issues",8,3,0.375,2021-09-01,2021-09-01,"2,2,1","No info",0,"Dr. Minha Hong, Dr. Geon Ho Bahn, Dr. In-Hwan Oh","1 September 2021"
"https://www.mdpi.com/journal/ijerph/special_issues/Economics_Caring",16,3,0.188,2021-09-15,2021-09-16,"2,2","No info",-1,"Dr. Pablo Moya Martinez, Dr. Raul del Pozo Rubio","15 September 2021"
"https://www.mdpi.com/journal/ijerph/special_issues/Urban_and_Public_Policy",8,1,0.125,2021-09-15,2021-09-09,"0,1","No info",6,"Tae-Hyoung (Tommy) Gim, Chang-Yu Hong","15 September 2021"
"https://www.mdpi.com/journal/ijerph/special_issues/advances_healthcare",10,1,0.1,2021-09-15,2021-09-16,"1,1","No info",-1,"Pietro Ferrara, Luciana Albano","15 September 2021"
"https://www.mdpi.com/journal/ijerph/special_issues/COVID-19_Pandemics",34,1,0.029,2021-09-30,2021-09-27,"1,1","32",3,"Dr. Thomas Volken, Annina Zysset","30 September 2021"
"https://www.mdpi.com/journal/ijerph/special_issues/DWPPHDW",10,3,0.3,2021-09-30,2021-10-01,"2,1","No info",-1,"Bridgette Bewick, Dr. John McAlaney","30 September 2021"
"https://www.mdpi.com/journal/ijerph/special_issues/PA_in_Childhood_and_Adolescence",20,6,0.3,2021-09-30,2021-11-21,"6,1,2","No info",-52,"Dr. Victor Arufe-Giraldez, Dr. Ruben Navarro Paton, Dr. Alberto Sanmiguel-Rodriguez","30 September 2021"
"https://www.mdpi.com/journal/ijerph/special_issues/Regulation_Muscle_Mass_Exercise_Metabolism",15,1,0.067,2021-09-30,2021-10-01,"1","No info",-1,"Joseph Marino","30 September 2021"
"https://www.mdpi.com/journal/ijerph/special_issues/emotional_intelligence_cognitive_development_mental_health_children_adolescents",17,3,0.176,2021-09-30,2021-11-22,"3,0,1","No info",-53,"Jose M. Mestre, Vladimir Tale Taksic, Zorana Jolic Marjanovic","30 September 2021"
"https://www.mdpi.com/journal/ijerph/special_issues/Evidence_Based_Care",12,4,0.333,2021-09-30,2021-10-20,"3,0,0,4","No info",-20,"Maria Ruzafa-Martinez, Jessica Garcia Gonzalez, Renata Zelenikova, Antonio Jesus Ramos-Morcillo","30 September 2021"
"https://www.mdpi.com/journal/ijerph/special_issues/landslide_risk_assessment",12,1,0.083,2021-09-30,2021-09-30,"0,1,0","No info",0,"Dr. Sabatino Cuomo, Anika Braun, Josip Peranic","30 September 2021"
"https://www.mdpi.com/journal/ijerph/special_issues/Health_Wellbeing_Aging",19,3,0.158,2021-09-30,2021-09-28,"3,3","No info",2,"Dr. Fatima Roque, Maria Teresa Herdeiro","30 September 2021"
"https://www.mdpi.com/journal/ijerph/special_issues/Health-EDRM-3",16,6,0.375,2021-09-30,2022-01-23,"6,0","No info",-115,"Dr. Emily Ying Yang Chan, Holly Ching Yu Lam","30 September 2021"
"https://www.mdpi.com/journal/ijerph/special_issues/nutrition_physical_education",13,5,0.385,2021-09-30,2021-10-07,"3,1,3","No info",-7,"Sze Lin (Serene) Yoong, Nicole Nathan, Dr. Rebecca Golley","30 September 2021"
"https://www.mdpi.com/journal/ijerph/special_issues/EPFPABMC",14,3,0.214,2021-09-30,2021-11-15,"2,0,3,2","No info",-46,"Javier Molina-Garcia, Xavier Garcia-Masso, Isaac Estevan, Ana Queralt","30 September 2021"
"https://www.mdpi.com/journal/ijerph/special_issues/prevention_treatment_cardiovascular_disease",14,2,0.143,2021-09-30,2022-01-20,"2,1","No info",-112,"Domenico Di Raimondo, Salvatore Santo Signorelli","30 September 2021"
"https://www.mdpi.com/journal/ijerph/special_issues/Ageing_Health",17,3,0.176,2021-09-30,2021-11-20,"2,2,0,2","No info",-51,"Daniele Magistro, Noel Kinrade, Giovanni Piumatti, Dr. Massimiliano Zecca","30 September 2021"
"https://www.mdpi.com/journal/ijerph/special_issues/occupational_research",15,2,0.133,2021-09-30,2021-12-01,"2,0,0","No info",-62,"Maria de las Nieves Gonzalez Garcia, Joao dos Santos Baptista, Inmaculada Martinez Perez","30 September 2021"
"https://www.mdpi.com/journal/ijerph/special_issues/Physical_Activity_for_Health",14,2,0.143,2021-09-30,2021-09-23,"1,0,1,0,1","No info",7,"Lindsay Bottoms, Jon Brazier, Daniel Muniz Pumares, Michael Price, Jonathan Sinclair","30 September 2021"
"https://www.mdpi.com/journal/ijerph/special_issues/pediatric_sports_related_injuries",9,1,0.111,2021-09-30,2021-10-01,"0,1","5",-1,"Louis-Nicolas Veilleux, Corinna Franklin","30 September 2021"
"https://www.mdpi.com/journal/ijerph/special_issues/mental_health_opportunities",11,3,0.273,2021-09-30,2021-09-30,"3,3,3","7",0,"Edward McCann, Dr. Michael Brown, Grainne Donohue","30 September 2021"
"https://www.mdpi.com/journal/ijerph/special_issues/migration_global_health",14,7,0.5,2021-09-30,2021-10-16,"4,5,0","No info",-16,"Dr. Heiko Becher, Dr. Volker Winkler, Dr. Hajo Zeeb","30 September 2021"
"https://www.mdpi.com/journal/ijerph/special_issues/physical_education_childhood",11,3,0.273,2021-09-30,2021-10-28,"2,1,1","6",-28,"Arja Sääkslahti, Kristy Howells, Dr. Kristine De Martelaer","30 September 2021"
"https://www.mdpi.com/journal/ijerph/special_issues/PNC",7,1,0.143,2021-09-30,2021-09-29,"0,1","No info",1,"Dr. Michal Bronikowski, Dr. Marcela Gonzalez-Gross","30 September 2021"
"https://www.mdpi.com/journal/ijerph/special_issues/disability_healthcare_disparities",8,1,0.125,2021-09-30,2021-08-03,"0,1","No info",58,"Dikaios Sakellariou, Hisayo Katsui","30 September 2021"
"https://www.mdpi.com/journal/ijerph/special_issues/school_violence",9,1,0.111,2021-09-30,2021-09-26,"0,1","6",4,"Antonio Jesus Rodriguez-Hidalgo, Daniel Falla Fernandez","30 September 2021"
"https://www.mdpi.com/journal/ijerph/special_issues/Nature_Mindfulness_Social_Isolation_COVID-19_Pandemic",6,1,0.167,2021-09-30,2022-04-06,"0,0,1","No info",-188,"Margaret Mary Hansen, Reo Jones, Dr. Sara L. Warber","30 September 2021"
"https://www.mdpi.com/journal/ijerph/special_issues/Sexual_Behavior",10,1,0.1,2021-09-30,2021-09-19,"1,0","No info",11,"Maria del Mar Sanchez-Fuentes, Ana Isabel Arcos-Romero","30 September 2021"
"https://www.mdpi.com/journal/ijerph/special_issues/Bayesian_Design_Clinical_Trials",12,4,0.333,2021-09-30,2021-09-29,"3,3","No info",1,"Paola Berchialla, Ileana Baldi","30 September 2021"
"https://www.mdpi.com/journal/ijerph/special_issues/neuroprotection_treatment_Intensive_care_perioperative_medicine",11,7,0.636,2021-09-30,2021-10-11,"5,1,2","No info",-11,"Dr. Łukasz J. Krzych, Mirosław Czuczwar, Izabela Duda","30 September 2021"
"https://www.mdpi.com/journal/ijerph/special_issues/mr_nfr",7,3,0.429,2021-09-30,2021-09-02,"3,0","No info",28,"Dr. Umile Giuseppe Longo, Vicenzo Denaro","30 September 2021"
"https://www.mdpi.com/journal/ijerph/special_issues/Diagnosis_Healthcare_Dementias",9,4,0.444,2021-09-30,2021-11-22,"4","1",-53,"Sarah J. Cullum","30 September 2021"
"https://www.mdpi.com/journal/ijerph/special_issues/Public_Health_and_Digital_Technologies",6,0,0,2021-09-30,2021-09-27,"0,0,0","No info",3,"Anita Kothari, Lorie Donelle, Michael Bauer","30 September 2021"
"https://www.mdpi.com/journal/ijerph/special_issues/Working_Communities_Promote_Health",10,2,0.2,2021-09-30,2021-09-30,"1,0,1,1","No info",0,"Freya MacMillan, Joanna Schwarzman, Kate McBride, Jane Sixsmith","30 September 2021"
"https://www.mdpi.com/journal/ijerph/special_issues/Colors-COVID-19",6,0,0,2021-09-30,2021-10-01,"0,0,0,0","No info",-1,"Dr. Stephen B. Thomas, Dr. Craig S. Fryer, Dr. Tiffany Gary-Webb, Dr. Mindi Spencer","30 September 2021"
"https://www.mdpi.com/journal/ijerph/special_issues/AAAA",8,2,0.25,2021-09-30,2021-09-22,"2","No info",8,"Joris C. Verster","30 September 2021"
"https://www.mdpi.com/journal/ijerph/special_issues/Advances_Sexual_Health",7,1,0.143,2021-09-30,2021-11-30,"1,0,0","No info",-61,"Stefano Eleuteri, Inês M. Tavares, Raquel Pereira","30 September 2021"
"https://www.mdpi.com/journal/ijerph/special_issues/IBMHPE",5,1,0.2,2021-09-30,2021-10-31,"0,0,1","4",-31,"Dr. Lon Jeffrey Van Winkle, Shane L. Rogers, Nicole M. Michels","30 September 2021"
"https://www.mdpi.com/journal/ijerph/special_issues/sleep_disorders_health",7,3,0.429,2021-09-30,2021-08-05,"0,3","No info",56,"Dr. Damien Leǵer, Prof. Dr. Michael A. Grandner","30 September 2021"
"https://www.mdpi.com/journal/ijerph/special_issues/wastewater_industrial",8,0,0,2021-09-30,2022-01-11,"0","2",-103,"Cybelle Futalan","30 September 2021"
"https://www.mdpi.com/journal/ijerph/special_issues/mr_ortho",8,4,0.5,2021-09-30,2021-06-10,"4,0","No info",112,"Dr. Umile Giuseppe Longo, Vicenzo Denaro","30 September 2021"
"https://www.mdpi.com/journal/ijerph/special_issues/movement_children",8,3,0.375,2021-09-30,2021-10-14,"3","No info",-14,"Dr. Marieke De Craemer","30 September 2021"
"https://www.mdpi.com/journal/ijerph/special_issues/congenital_genetic_conditions",8,3,0.375,2021-09-30,2021-10-01,"3","No info",-1,"Wolfgang Briegel","30 September 2021"
"https://www.mdpi.com/journal/ijerph/special_issues/food_insecurity_policy",5,3,0.6,2021-09-30,2022-05-05,"3,2,0","No info",-217,"Sue Booth, Christina Pollard, Jeromey Temple","30 September 2021"
"https://www.mdpi.com/journal/ijerph/special_issues/psychology_eating_behaviours",5,2,0.4,2021-09-30,2021-09-30,"2,0","No info",0,"Dr. Anna Brytek-Matera, Cristina Segura Garcia","30 September 2021"
"https://www.mdpi.com/journal/ijerph/special_issues/postoperative_pain_treatment_and_prevention",8,4,0.5,2021-09-30,2021-07-05,"3,3,0,4","2",87,"Mirosław Czuczwar, Paweł Piwowarczyk, Kazimierz Widenka, Michał Borys","30 September 2021"
"https://www.mdpi.com/journal/ijerph/special_issues/EHWQAHH",8,1,0.125,2021-09-30,2021-08-21,"1","No info",40,"Osvalda De Giglio","30 September 2021"
"https://www.mdpi.com/journal/ijerph/special_issues/Maternal_Child_Health_Impacts_Environmental_Exposures",5,3,0.6,2021-09-30,2021-04-12,"1,1,2","No info",171,"Kristina W. Whitworth, Todd A. Jusko, Jesus Ibarluzea","30 September 2021"
"https://www.mdpi.com/journal/ijerph/special_issues/analysis_psychology",5,1,0.2,2021-09-30,2021-11-23,"0,1,0","No info",-54,"Franziska Plessow, Thomas Kleinsorge, Poppy Watson","30 September 2021"
"https://www.mdpi.com/journal/ijerph/special_issues/active_lifestyle",6,0,0,2021-09-30,2021-09-30,"0,0","4",0,"Winifred Anne Gebhardt, Eline Meijer","30 September 2021"
"https://www.mdpi.com/journal/ijerph/special_issues/anthropogenic_activities",5,3,0.6,2021-09-30,2021-03-26,"3","No info",188,"Guillermo Blanco","30 September 2021"
"https://www.mdpi.com/journal/ijerph/special_issues/Epidemiological_Mitigation_Economic_Impact_Zoonoses",7,0,0,2021-10-01,2021-09-01,"0","No info",30,"Beate Conrady","1 October 2021"
"https://www.mdpi.com/journal/ijerph/special_issues/Diabetes_EP",8,5,0.625,2021-10-01,2021-09-08,"5","No info",23,"Dr. Ana Lopez De Andres","1 October 2021"
"https://www.mdpi.com/journal/ijerph/special_issues/Women_Mental",10,2,0.2,2021-10-10,2022-02-28,"2,1","No info",-141,"Dr. Carmela Mento, Maria Catena Silvestri","10 October 2021"
"https://www.mdpi.com/journal/ijerph/special_issues/COVID_physical_activity",8,1,0.125,2021-10-15,2021-10-15,"1,1","5",0,"Alessandra Di Cagno, Giovanni Fiorilli","15 October 2021"
"https://www.mdpi.com/journal/ijerph/special_issues/sports_health_MBS",7,3,0.429,2021-10-15,2022-02-07,"2,1,0","3",-115,"Dr. Geraint Florida-James, Easkey Britton, Tony Westbury","15 October 2021"
"https://www.mdpi.com/journal/ijerph/special_issues/dietary_behaviors",9,2,0.222,2021-10-21,2021-11-03,"2","5",-13,"Rickelle Richards","21 October 2021"
"https://www.mdpi.com/journal/ijerph/special_issues/Address_Health_Disparities",7,2,0.286,2021-10-30,2021-11-23,"1,2","2",-24,"Maritt Kirst, Ketan Shankardass","30 October 2021"
"https://www.mdpi.com/journal/ijerph/special_issues/AI_Manage",6,2,0.333,2021-10-30,2021-12-07,"2,2","No info",-38,"Kum Fai Yuen, Xueqin Wang","30 October 2021"
"https://www.mdpi.com/journal/ijerph/special_issues/accidental_environmental_hypothermia",19,12,0.632,2021-10-31,2022-01-30,"6,4,5,6","3",-91,"Peter Paal, Dr. Hermann Brugger, Mathieu Pasquier, Tomasz Darocha","31 October 2021"
"https://www.mdpi.com/journal/ijerph/special_issues/COVID-19_outbreak",35,1,0.029,2021-10-31,2021-10-31,"0,1,0","No info",0,"Dr. Paolo Roma, Merylin Monaro, Cristina Mazza","31 October 2021"
"https://www.mdpi.com/journal/ijerph/special_issues/Sleep_Quality_Research",11,2,0.182,2021-10-31,2021-11-05,"2","No info",-5,"Giuseppe Barbato","31 October 2021"
"https://www.mdpi.com/journal/ijerph/special_issues/ehealth_diseases",23,2,0.087,2021-10-31,2021-11-01,"1,2","21",-1,"Irene Torres-Sanchez, Marie Carmen Valenza","31 October 2021"
"https://www.mdpi.com/journal/ijerph/special_issues/green_consumption",17,5,0.294,2021-10-31,2021-10-28,"5","No info",3,"Dr. Heesup Han","31 October 2021"
"https://www.mdpi.com/journal/ijerph/special_issues/physical_exercise_chronic_diseases_prevention",17,4,0.235,2021-10-31,2021-10-29,"2,3","No info",2,"Dr. Thomas E. Dorner, Igor Grabovac","31 October 2021"
"https://www.mdpi.com/journal/ijerph/special_issues/transgender_health",15,3,0.2,2021-10-31,2022-02-05,"3,0","No info",-97,"Cristiano Scandurra, Dr. Kimberly Balsam","31 October 2021"
"https://www.mdpi.com/journal/ijerph/special_issues/health_literacy_nutrition_public_health",14,4,0.286,2021-10-31,2021-10-31,"4,4,3","No info",0,"Guglielmo Bonaccorsi, Chiara Lorini, Virginia Vettori","31 October 2021"
"https://www.mdpi.com/journal/ijerph/special_issues/Training_Methods",13,1,0.077,2021-10-31,2021-10-30,"0,1,0","No info",1,"Bruno Gonçalves, Jorge Bravo, Hugo Folgado","31 October 2021"
"https://www.mdpi.com/journal/ijerph/special_issues/women_sports",14,2,0.143,2021-10-31,2022-01-06,"2,1","9",-67,"Filipe Manuel Clemente, Ana Filipa Silva","31 October 2021"
"https://www.mdpi.com/journal/ijerph/special_issues/biological_nutritional_inequality",16,3,0.188,2021-10-31,2021-12-27,"2,1,1","No info",-57,"Dr. Jose Miguel Martinez-Carrion, Carlos Varea, Dr. Ricardo Salvatore","31 October 2021"
"https://www.mdpi.com/journal/ijerph/special_issues/Pharmaceutical_Care",10,3,0.3,2021-10-31,2022-03-07,"3","4",-127,"Dr. Tinne Dilles","31 October 2021"
"https://www.mdpi.com/journal/ijerph/special_issues/Mental_Fatigue",8,1,0.125,2021-10-31,2021-11-01,"0,1,0","No info",-1,"Ben Rattray, Dr. Bart Roelands, Kristy Martin","31 October 2021"
"https://www.mdpi.com/journal/ijerph/special_issues/measuring_health_wellbeing",11,2,0.182,2021-10-31,2021-07-29,"1,2","No info",94,"Dr. Aurea Grane, Irene Albarran","31 October 2021"
"https://www.mdpi.com/journal/ijerph/special_issues/person-centered_care",5,1,0.2,2021-10-31,2021-10-12,"0,0,1","No info",19,"Dr. Jane Murray Cramm, Dr. Anna Petra Nieboer, Arianne Elissen","31 October 2021"
"https://www.mdpi.com/journal/ijerph/special_issues/physical_occupational",8,5,0.625,2021-10-31,2021-12-25,"2,4","No info",-55,"David M. Hallman, Dr. Svend Erik Mathiassen","31 October 2021"
"https://www.mdpi.com/journal/ijerph/special_issues/Health_Inequalities_Dementia_Care",7,3,0.429,2021-10-31,2021-11-18,"3,0","No info",-18,"Clarissa Giebel, Kerry Hanna","31 October 2021"
"https://www.mdpi.com/journal/ijerph/special_issues/Mental_Health_Care_Promotion",7,0,0,2021-10-31,2021-11-04,"0","4",-4,"Sharyn Burns","31 October 2021"
"https://www.mdpi.com/journal/ijerph/special_issues/DCESG",7,1,0.143,2021-10-31,2021-09-01,"1,1","No info",60,"Katherine Chiu Man Leung, Dr. Chun Hung Chu","31 October 2021"
"https://www.mdpi.com/journal/ijerph/special_issues/human_health_dynamics",5,2,0.4,2021-10-31,2021-12-06,"2,0,1","2",-36,"Andrea Guazzini, Laura Rasero, Mirko Duradoni","31 October 2021"
"https://www.mdpi.com/journal/ijerph/special_issues/Exercise_Cardiovascular",6,1,0.167,2021-10-31,2021-12-01,"1","No info",-31,"Brett Gordon","31 October 2021"
"https://www.mdpi.com/journal/ijerph/special_issues/Microbiologic_Clinical_Specimens_Foods_Environments",7,1,0.143,2021-10-31,2021-07-24,"1","No info",99,"Pasqualina Laganà","31 October 2021"
"https://www.mdpi.com/journal/ijerph/special_issues/Econ_Environ_Health",5,0,0,2021-10-31,2021-09-20,"0,0","No info",41,"Subhash Pokhrel, Doug Coyle","31 October 2021"
"https://www.mdpi.com/journal/ijerph/special_issues/SGPIR",7,3,0.429,2021-10-31,2021-11-03,"0,0,3","3",-3,"Dr. Liming Hu, Dr. Yan-Jun Du, Xueqiang Zhu","31 October 2021"
"https://www.mdpi.com/journal/ijerph/special_issues/prevention_cancer",6,3,0.5,2021-10-31,2021-05-21,"1,2,1","No info",163,"Iwona Malicka, Katarzyna Hojan, Justyna Hanuszkiewicz","31 October 2021"
"https://www.mdpi.com/journal/ijerph/special_issues/Motor_Vehicle_Crashes_Occupant_Protection",6,1,0.167,2021-10-31,2021-12-10,"1,0,0","3",-40,"Kathleen D. Klinich, Byoung-Keon Park, Lauren Wood Zaseck","31 October 2021"
"https://www.mdpi.com/journal/ijerph/special_issues/SARS-CoV-2_prevention",4,0,0,2021-10-31,2021-10-06,"0,0,0","4",25,"Dr. Luca Fiorillo, Francesca Cicciù, De Stefano","31 October 2021"
"https://www.mdpi.com/journal/ijerph/special_issues/Health_Promot_Workplace",5,0,0,2021-10-31,2021-10-31,"0,0,0","4",0,"Marguerite C Sendall, Cameron Newton, Dr. Kristy Sanderson","31 October 2021"
"https://www.mdpi.com/journal/ijerph/special_issues/BMBABOI",6,1,0.167,2021-10-31,2021-11-01,"1,1","4",-1,"Dr. Adriano Piattelli, Margherita Tumedei","31 October 2021"
"https://www.mdpi.com/journal/ijerph/special_issues/Economic_Impact_Cost-Effectiveness_Long-Term_Cancer_Survivorship",6,3,0.5,2021-10-31,2021-11-23,"1,1,2","No info",-23,"Katharina Merollini, Emily Callander, Louisa Gordon","31 October 2021"
"https://www.mdpi.com/journal/ijerph/special_issues/Spatial_Uncertainty",6,3,0.5,2021-10-31,2021-12-13,"2,3","No info",-43,"Dr. Daniel A. Griffith, Yongwan Chun","31 October 2021"
"https://www.mdpi.com/journal/ijerph/special_issues/Healthcare_Cardiovascular_Diseases",6,1,0.167,2021-10-31,2021-12-22,"1,1","4",-52,"Dr. Youn-Jung Son, Mi Hwa Won","31 October 2021"
"https://www.mdpi.com/journal/ijerph/special_issues/children_behavior_family",9,2,0.222,2021-11-15,2021-11-04,"2,2,2,2","No info",11,"Stephanie Mazzucca, Courtney Luecking, Cody Neshteruk, Dr. Dianne S. Ward","15 November 2021"
"https://www.mdpi.com/journal/ijerph/special_issues/environmental_noise_annoyance",11,1,0.091,2021-11-15,2021-09-03,"1,0","2",73,"Dr. Takashi Yano, Dr. Rainer Guski","15 November 2021"
"https://www.mdpi.com/journal/ijerph/special_issues/rehabilitation",8,2,0.25,2021-11-15,2021-11-15,"2,0,0","4",0,"Pablo Herrero Gallego, Manel Santafe, Fermin Valera Garrido","15 November 2021"
"https://www.mdpi.com/journal/ijerph/special_issues/drone_noise",5,1,0.2,2021-11-15,2021-07-01,"1","No info",137,"Antonio J. Torija Martinez","15 November 2021"
"https://www.mdpi.com/journal/ijerph/special_issues/Healthy_Lifestyles",6,1,0.167,2021-11-15,2021-06-03,"1","No info",165,"John W. Apolzan","15 November 2021"
"https://www.mdpi.com/journal/ijerph/special_issues/public_health_COVID",36,2,0.056,2021-11-30,2021-12-10,"2,1,0,0","No info",-10,"Dr. Riccardo Polosa, Pietro Ferrara, Luciana Albano, Venera Tomaselli","30 November 2021"
"https://www.mdpi.com/journal/ijerph/special_issues/problematic_internet_use_bullying_cyberbullying_school_children_adolescents",17,2,0.118,2021-11-30,2021-08-20,"2,1,1","No info",102,"Beatriz Delgado Domenech, Maria Carmen Martinez Monteagudo, Raquel Escortell Sanchez","30 November 2021"
"https://www.mdpi.com/journal/ijerph/special_issues/promoting_physical_acativity",20,0,0,2021-11-30,2021-10-13,"0,0","No info",48,"João Martins, João Costa","30 November 2021"
"https://www.mdpi.com/journal/ijerph/special_issues/antisocial_youth",11,1,0.091,2021-11-30,2021-12-07,"1,1","9",-7,"Dr. Juan Garcia-Garcia, Elena Ortega Campos","30 November 2021"
"https://www.mdpi.com/journal/ijerph/special_issues/GSMPPS",11,3,0.273,2021-11-30,2021-12-17,"1,2","No info",-17,"Francesco Campa, Dr. Gianpiero Greco","30 November 2021"
"https://www.mdpi.com/journal/ijerph/special_issues/foot_orthopedics_orthoses",12,1,0.083,2021-11-30,2021-08-15,"1","No info",107,"Dr. Gabriel Dominguez-Maldonado","30 November 2021"
"https://www.mdpi.com/journal/ijerph/special_issues/sui",12,3,0.25,2021-11-30,2021-11-30,"3","7",0,"Daniel Pratt","30 November 2021"
